Jose Perez;1014258947;joseperez@correo.com
Jose Perez;1014258947;joseperez@correo.com
Jose Perez;1014258947;joseperez@correo.com
Jose Perez;1014258947;joseperez@correo.com
Jose Perez;1014258947;joseperez@correo.com
Jose Perez;1014258947;joseperez@correo.com
Jose Perez;1014258947;joseperez@correo.com
Jose Perez;1014258947;joseperez@correo.com
Jose Perez;1014258947;joseperez@correo.com
Jose Perez;1014258947;joseperez@correo.com
Jose Perez;1014258947;joseperez@correo.com
Jose Perez;1014258947;joseperez@correo.com
Jose Perez;1014258947;joseperez@correo.com
Jose Perez;1014258947;joseperez@correo.com
Jose Perez;1014258947;joseperez@correo.com
Jose Perez;1014258947;joseperez@correo.com
Jose Perez;1014258947;joseperez@correo.com
Jose Perez;1014258947;joseperez@correo.com
Jose Perez;1014258947;joseperez@correo.com
Jose Perez;1014258947;joseperez@correo.com
Jose Perez;1014258947;joseperez@correo.com
Jose Perez;1014258947;joseperez@correo.com
Jose Perez;1014258947;joseperez@correo.com
Jose Perez;1014258947;joseperez@correo.com
Jose Perez;1014258947;joseperez@correo.com
Jose Perez;1014258947;joseperez@correo.com
Jose Perez;1014258947;joseperez@correo.com
Jose Perez;1014258947;joseperez@correo.com
Jose Perez;1014258947;joseperez@correo.com
Jose Perez;1014258947;joseperez@correo.com
Jose Perez;1014258947;joseperez@correo.com
Jose Perez;1014258947;joseperez@correo.com
Jose Perez;1014258947;joseperez@correo.com
Jose Perez;1014258947;joseperez@correo.com
Jose Perez;1014258947;joseperez@correo.com
Jose Perez;1014258947;joseperez@correo.com
Jose Perez;1014258947;joseperez@correo.com
Jose Perez;1014258947;joseperez@correo.com
Jose Perez;1014258947;joseperez@correo.com
Jose Perez;1014258947;joseperez@correo.com
Jose Perez;1014258947;joseperez@correo.com
Jose Perez;1014258947;joseperez@correo.com
Jose Perez;1014258947;joseperez@correo.com
Jose Perez;1014258947;joseperez@correo.com
Jose Perez;1014258947;joseperez@correo.com
Jose Perez;1014258947;joseperez@correo.com
Jose Perez;1014258947;joseperez@correo.com
Jose Perez;1014258947;joseperez@correo.com
Jose Perez;1014258947;joseperez@correo.com
Jose Perez;1014258947;joseperez@correo.com
Jose Perez;1014258947;joseperez@correo.com
Jose Perez;1014258947;joseperez@correo.com
Jose Perez;1014258947;joseperez@correo.com
Jose Perez;1014258947;joseperez@correo.com
Jose Perez;1014258947;joseperez@correo.com
Jose Perez;1014258947;joseperez@correo.com
Jose Perez;1014258947;joseperez@correo.com
Jose Perez;1014258947;joseperez@correo.com
Jose Perez;1014258947;joseperez@correo.com
Jose Perez;1014258947;joseperez@correo.com
Jose Perez;1014258947;joseperez@correo.com
Jose Perez;1014258947;joseperez@correo.com
Jose Perez;1014258947;joseperez@correo.com
Jose Perez;1014258947;joseperez@correo.com
Jose Perez;1014258947;joseperez@correo.com
Jose Perez;1014258947;joseperez@correo.com
Jose Perez;1014258947;joseperez@correo.com
Jose Perez;1014258947;joseperez@correo.com
Jose Perez;1014258947;joseperez@correo.com
Jose Perez;1014258947;joseperez@correo.com
Jose Perez;1014258947;joseperez@correo.com
Jose Perez;1014258947;joseperez@correo.com
Jose Perez;1014258947;joseperez@correo.com
Jose Perez;1014258947;joseperez@correo.com
Jose Perez;1014258947;joseperez@correo.com
Jose Perez;1014258947;joseperez@correo.com
Jose Perez;1014258947;joseperez@correo.com
Jose Perez;1014258947;joseperez@correo.com
Jose Perez;1014258947;joseperez@correo.com
Jose Perez;1014258947;joseperez@correo.com
Jose Perez;1014258947;joseperez@correo.com
Jose Perez;1014258947;joseperez@correo.com
Jose Perez;1014258947;joseperez@correo.com
Jose Perez;1014258947;joseperez@correo.com
Jose Perez;1014258947;joseperez@correo.com
Jose Perez;1014258947;joseperez@correo.com
Jose Perez;1014258947;joseperez@correo.com
Jose Perez;1014258947;joseperez@correo.com
Jose Perez;1014258947;joseperez@correo.com
Jose Perez;1014258947;joseperez@correo.com
Jose Perez;1014258947;joseperez@correo.com
Jose Perez;1014258947;joseperez@correo.com
Jose Perez;1014258947;joseperez@correo.com
Jose Perez;1014258947;joseperez@correo.com
Jose Perez;1014258947;joseperez@correo.com
Jose Perez;1014258947;joseperez@correo.com
Jose Perez;1014258947;joseperez@correo.com
Jose Perez;1014258947;joseperez@correo.com
Jose Perez;1014258947;joseperez@correo.com
Jose Perez;1014258947;joseperez@correo.com
Jose Perez;1014258947;joseperez@correo.com
Jose Perez;1014258947;joseperez@correo.com
Jose Perez;1014258947;joseperez@correo.com
Jose Perez;1014258947;joseperez@correo.com
Jose Perez;1014258947;joseperez@correo.com
Jose Perez;1014258947;joseperez@correo.com
Jose Perez;1014258947;joseperez@correo.com
Jose Perez;1014258947;joseperez@correo.com
Jose Perez;1014258947;joseperez@correo.com
Jose Perez;1014258947;joseperez@correo.com
Jose Perez;1014258947;joseperez@correo.com
Jose Perez;1014258947;joseperez@correo.com
Jose Perez;1014258947;joseperez@correo.com
Jose Perez;1014258947;joseperez@correo.com
Jose Perez;1014258947;joseperez@correo.com
Jose Perez;1014258947;joseperez@correo.com
Jose Perez;1014258947;joseperez@correo.com
Jose Perez;1014258947;joseperez@correo.com
Jose Perez;1014258947;joseperez@correo.com
Jose Perez;1014258947;joseperez@correo.com
Jose Perez;1014258947;joseperez@correo.com
Jose Perez;1014258947;joseperez@correo.com
Jose Perez;1014258947;joseperez@correo.com
Jose Perez;1014258947;joseperez@correo.com
Jose Perez;1014258947;joseperez@correo.com
Jose Perez;1014258947;joseperez@correo.com
Jose Perez;1014258947;joseperez@correo.com
Jose Perez;1014258947;joseperez@correo.com
Jose Perez;1014258947;joseperez@correo.com
Jose Perez;1014258947;joseperez@correo.com
Jose Perez;1014258947;joseperez@correo.com
Jose Perez;1014258947;joseperez@correo.com
Jose Perez;1014258947;joseperez@correo.com
Jose Perez;1014258947;joseperez@correo.com
Jose Perez;1014258947;joseperez@correo.com
Jose Perez;1014258947;joseperez@correo.com
Jose Perez;1014258947;joseperez@correo.com
Jose Perez;1014258947;joseperez@correo.com
Jose Perez;1014258947;joseperez@correo.com
Jose Perez;1014258947;joseperez@correo.com
Jose Perez;1014258947;joseperez@correo.com
Jose Perez;1014258947;joseperez@correo.com
Jose Perez;1014258947;joseperez@correo.com
Jose Perez;1014258947;joseperez@correo.com
Jose Perez;1014258947;joseperez@correo.com
Jose Perez;1014258947;joseperez@correo.com
Jose Perez;1014258947;joseperez@correo.com
Jose Perez;1014258947;joseperez@correo.com
Jose Perez;1014258947;joseperez@correo.com
Jose Perez;1014258947;joseperez@correo.com
Jose Perez;1014258947;joseperez@correo.com
Jose Perez;1014258947;joseperez@correo.com
Jose Perez;1014258947;joseperez@correo.com
Jose Perez;1014258947;joseperez@correo.com
Jose Perez;1014258947;joseperez@correo.com
Jose Perez;1014258947;joseperez@correo.com
Jose Perez;1014258947;joseperez@correo.com
Jose Perez;1014258947;joseperez@correo.com
Jose Perez;1014258947;joseperez@correo.com
Jose Perez;1014258947;joseperez@correo.com
Jose Perez;1014258947;joseperez@correo.com
Jose Perez;1014258947;joseperez@correo.com
Jose Perez;1014258947;joseperez@correo.com
Jose Perez;1014258947;joseperez@correo.com
Jose Perez;1014258947;joseperez@correo.com
Jose Perez;1014258947;joseperez@correo.com
Jose Perez;1014258947;joseperez@correo.com
Jose Perez;1014258947;joseperez@correo.com
Jose Perez;1014258947;joseperez@correo.com
Jose Perez;1014258947;joseperez@correo.com
Jose Perez;1014258947;joseperez@correo.com
Jose Perez;1014258947;joseperez@correo.com
Jose Perez;1014258947;joseperez@correo.com
Jose Perez;1014258947;joseperez@correo.com
Jose Perez;1014258947;joseperez@correo.com
Jose Perez;1014258947;joseperez@correo.com
Jose Perez;1014258947;joseperez@correo.com
Jose Perez;1014258947;joseperez@correo.com
Jose Perez;1014258947;joseperez@correo.com
Jose Perez;1014258947;joseperez@correo.com
Jose Perez;1014258947;joseperez@correo.com
Jose Perez;1014258947;joseperez@correo.com
Jose Perez;1014258947;joseperez@correo.com
Jose Perez;1014258947;joseperez@correo.com
Jose Perez;1014258947;joseperez@correo.com
Jose Perez;1014258947;joseperez@correo.com
Jose Perez;1014258947;joseperez@correo.com
Jose Perez;1014258947;joseperez@correo.com
Jose Perez;1014258947;joseperez@correo.com
Jose Perez;1014258947;joseperez@correo.com
Jose Perez;1014258947;joseperez@correo.com
Jose Perez;1014258947;joseperez@correo.com
Jose Perez;1014258947;joseperez@correo.com
Jose Perez;1014258947;joseperez@correo.com
Jose Perez;1014258947;joseperez@correo.com
Jose Perez;1014258947;joseperez@correo.com
Jose Perez;1014258947;joseperez@correo.com
Jose Perez;1014258947;joseperez@correo.com
Jose Perez;1014258947;joseperez@correo.com
Jose Perez;1014258947;joseperez@correo.com
Jose Perez;1014258947;joseperez@correo.com
Jose Perez;1014258947;joseperez@correo.com
Jose Perez;1014258947;joseperez@correo.com
Jose Perez;1014258947;joseperez@correo.com
Jose Perez;1014258947;joseperez@correo.com
Jose Perez;1014258947;joseperez@correo.com
Jose Perez;1014258947;joseperez@correo.com
Jose Perez;1014258947;joseperez@correo.com
Jose Perez;1014258947;joseperez@correo.com
Jose Perez;1014258947;joseperez@correo.com
Jose Perez;1014258947;joseperez@correo.com
Jose Perez;1014258947;joseperez@correo.com
Jose Perez;1014258947;joseperez@correo.com
Jose Perez;1014258947;joseperez@correo.com
Jose Perez;1014258947;joseperez@correo.com
Jose Perez;1014258947;joseperez@correo.com
Jose Perez;1014258947;joseperez@correo.com
Jose Perez;1014258947;joseperez@correo.com
Jose Perez;1014258947;joseperez@correo.com
Jose Perez;1014258947;joseperez@correo.com
Jose Perez;1014258947;joseperez@correo.com
Jose Perez;1014258947;joseperez@correo.com
Jose Perez;1014258947;joseperez@correo.com
Jose Perez;1014258947;joseperez@correo.com
Jose Perez;1014258947;joseperez@correo.com
Jose Perez;1014258947;joseperez@correo.com
Jose Perez;1014258947;joseperez@correo.com
Jose Perez;1014258947;joseperez@correo.com
Jose Perez;1014258947;joseperez@correo.com
Jose Perez;1014258947;joseperez@correo.com
Jose Perez;1014258947;joseperez@correo.com
Jose Perez;1014258947;joseperez@correo.com
Jose Perez;1014258947;joseperez@correo.com
Jose Perez;1014258947;joseperez@correo.com
Jose Perez;1014258947;joseperez@correo.com
Jose Perez;1014258947;joseperez@correo.com
Jose Perez;1014258947;joseperez@correo.com
Jose Perez;1014258947;joseperez@correo.com
Jose Perez;1014258947;joseperez@correo.com
Jose Perez;1014258947;joseperez@correo.com
Jose Perez;1014258947;joseperez@correo.com
Jose Perez;1014258947;joseperez@correo.com
Jose Perez;1014258947;joseperez@correo.com
Jose Perez;1014258947;joseperez@correo.com
Jose Perez;1014258947;joseperez@correo.com
Jose Perez;1014258947;joseperez@correo.com
Jose Perez;1014258947;joseperez@correo.com
Jose Perez;1014258947;joseperez@correo.com
Jose Perez;1014258947;joseperez@correo.com
Jose Perez;1014258947;joseperez@correo.com
Jose Perez;1014258947;joseperez@correo.com
Jose Perez;1014258947;joseperez@correo.com
Jose Perez;1014258947;joseperez@correo.com
Jose Perez;1014258947;joseperez@correo.com
Jose Perez;1014258947;joseperez@correo.com
Jose Perez;1014258947;joseperez@correo.com
Jose Perez;1014258947;joseperez@correo.com
Jose Perez;1014258947;joseperez@correo.com
Jose Perez;1014258947;joseperez@correo.com
Jose Perez;1014258947;joseperez@correo.com
Jose Perez;1014258947;joseperez@correo.com
Jose Perez;1014258947;joseperez@correo.com
Jose Perez;1014258947;joseperez@correo.com
Jose Perez;1014258947;joseperez@correo.com
Jose Perez;1014258947;joseperez@correo.com
Jose Perez;1014258947;joseperez@correo.com
Jose Perez;1014258947;joseperez@correo.com
Jose Perez;1014258947;joseperez@correo.com
Jose Perez;1014258947;joseperez@correo.com
Jose Perez;1014258947;joseperez@correo.com
Jose Perez;1014258947;joseperez@correo.com
Jose Perez;1014258947;joseperez@correo.com
Jose Perez;1014258947;joseperez@correo.com
Jose Perez;1014258947;joseperez@correo.com
Jose Perez;1014258947;joseperez@correo.com
Jose Perez;1014258947;joseperez@correo.com
Jose Perez;1014258947;joseperez@correo.com
Jose Perez;1014258947;joseperez@correo.com
Jose Perez;1014258947;joseperez@correo.com
Jose Perez;1014258947;joseperez@correo.com
Jose Perez;1014258947;joseperez@correo.com
Jose Perez;1014258947;joseperez@correo.com
Jose Perez;1014258947;joseperez@correo.com
Jose Perez;1014258947;joseperez@correo.com
Jose Perez;1014258947;joseperez@correo.com
Jose Perez;1014258947;joseperez@correo.com
Jose Perez;1014258947;joseperez@correo.com
Jose Perez;1014258947;joseperez@correo.com
Jose Perez;1014258947;joseperez@correo.com
Jose Perez;1014258947;joseperez@correo.com
Jose Perez;1014258947;joseperez@correo.com
Jose Perez;1014258947;joseperez@correo.com
Jose Perez;1014258947;joseperez@correo.com
Jose Perez;1014258947;joseperez@correo.com
Jose Perez;1014258947;joseperez@correo.com
Jose Perez;1014258947;joseperez@correo.com
Jose Perez;1014258947;joseperez@correo.com
Jose Perez;1014258947;joseperez@correo.com
Jose Perez;1014258947;joseperez@correo.com
Jose Perez;1014258947;joseperez@correo.com
Jose Perez;1014258947;joseperez@correo.com
Jose Perez;1014258947;joseperez@correo.com
Jose Perez;1014258947;joseperez@correo.com
Jose Perez;1014258947;joseperez@correo.com
Jose Perez;1014258947;joseperez@correo.com
Jose Perez;1014258947;joseperez@correo.com
Jose Perez;1014258947;joseperez@correo.com
Jose Perez;1014258947;joseperez@correo.com
Jose Perez;1014258947;joseperez@correo.com
Jose Perez;1014258947;joseperez@correo.com
Jose Perez;1014258947;joseperez@correo.com
Jose Perez;1014258947;joseperez@correo.com
Jose Perez;1014258947;joseperez@correo.com
Jose Perez;1014258947;joseperez@correo.com
Jose Perez;1014258947;joseperez@correo.com
Jose Perez;1014258947;joseperez@correo.com
Jose Perez;1014258947;joseperez@correo.com
Jose Perez;1014258947;joseperez@correo.com
Jose Perez;1014258947;joseperez@correo.com
Jose Perez;1014258947;joseperez@correo.com
Jose Perez;1014258947;joseperez@correo.com
Jose Perez;1014258947;joseperez@correo.com
Jose Perez;1014258947;joseperez@correo.com
Jose Perez;1014258947;joseperez@correo.com
Jose Perez;1014258947;joseperez@correo.com
Jose Perez;1014258947;joseperez@correo.com
Jose Perez;1014258947;joseperez@correo.com
Jose Perez;1014258947;joseperez@correo.com
Jose Perez;1014258947;joseperez@correo.com
Jose Perez;1014258947;joseperez@correo.com
Jose Perez;1014258947;joseperez@correo.com
Jose Perez;1014258947;joseperez@correo.com
Jose Perez;1014258947;joseperez@correo.com
Jose Perez;1014258947;joseperez@correo.com
Jose Perez;1014258947;joseperez@correo.com
Jose Perez;1014258947;joseperez@correo.com
Jose Perez;1014258947;joseperez@correo.com
Jose Perez;1014258947;joseperez@correo.com
Jose Perez;1014258947;joseperez@correo.com
Jose Perez;1014258947;joseperez@correo.com
Jose Perez;1014258947;joseperez@correo.com
Jose Perez;1014258947;joseperez@correo.com
Jose Perez;1014258947;joseperez@correo.com
Jose Perez;1014258947;joseperez@correo.com
Jose Perez;1014258947;joseperez@correo.com
Jose Perez;1014258947;joseperez@correo.com
Jose Perez;1014258947;joseperez@correo.com
Jose Perez;1014258947;joseperez@correo.com
Jose Perez;1014258947;joseperez@correo.com
Jose Perez;1014258947;joseperez@correo.com
Jose Perez;1014258947;joseperez@correo.com
Jose Perez;1014258947;joseperez@correo.com
Jose Perez;1014258947;joseperez@correo.com
Jose Perez;1014258947;joseperez@correo.com
Jose Perez;1014258947;joseperez@correo.com
Jose Perez;1014258947;joseperez@correo.com
Jose Perez;1014258947;joseperez@correo.com
Jose Perez;1014258947;joseperez@correo.com
Jose Perez;1014258947;joseperez@correo.com
Jose Perez;1014258947;joseperez@correo.com
Jose Perez;1014258947;joseperez@correo.com
Jose Perez;1014258947;joseperez@correo.com
Jose Perez;1014258947;joseperez@correo.com
Jose Perez;1014258947;joseperez@correo.com
Jose Perez;1014258947;joseperez@correo.com
Jose Perez;1014258947;joseperez@correo.com
Jose Perez;1014258947;joseperez@correo.com
Jose Perez;1014258947;joseperez@correo.com
Jose Perez;1014258947;joseperez@correo.com
Jose Perez;1014258947;joseperez@correo.com
Jose Perez;1014258947;joseperez@correo.com
Jose Perez;1014258947;joseperez@correo.com
Jose Perez;1014258947;joseperez@correo.com
Jose Perez;1014258947;joseperez@correo.com
Jose Perez;1014258947;joseperez@correo.com
Jose Perez;1014258947;joseperez@correo.com
Jose Perez;1014258947;joseperez@correo.com
Jose Perez;1014258947;joseperez@correo.com
Jose Perez;1014258947;joseperez@correo.com
Jose Perez;1014258947;joseperez@correo.com
Jose Perez;1014258947;joseperez@correo.com
Jose Perez;1014258947;joseperez@correo.com
Jose Perez;1014258947;joseperez@correo.com
Jose Perez;1014258947;joseperez@correo.com
Jose Perez;1014258947;joseperez@correo.com
Jose Perez;1014258947;joseperez@correo.com
Jose Perez;1014258947;joseperez@correo.com
Jose Perez;1014258947;joseperez@correo.com
Jose Perez;1014258947;joseperez@correo.com
Jose Perez;1014258947;joseperez@correo.com
Jose Perez;1014258947;joseperez@correo.com
Jose Perez;1014258947;joseperez@correo.com
Jose Perez;1014258947;joseperez@correo.com
Jose Perez;1014258947;joseperez@correo.com
Jose Perez;1014258947;joseperez@correo.com
Jose Perez;1014258947;joseperez@correo.com
Jose Perez;1014258947;joseperez@correo.com
Jose Perez;1014258947;joseperez@correo.com
Jose Perez;1014258947;joseperez@correo.com
Jose Perez;1014258947;joseperez@correo.com
Jose Perez;1014258947;joseperez@correo.com
Jose Perez;1014258947;joseperez@correo.com
Jose Perez;1014258947;joseperez@correo.com
Jose Perez;1014258947;joseperez@correo.com
Jose Perez;1014258947;joseperez@correo.com
Jose Perez;1014258947;joseperez@correo.com
Jose Perez;1014258947;joseperez@correo.com
Jose Perez;1014258947;joseperez@correo.com
Jose Perez;1014258947;joseperez@correo.com
Jose Perez;1014258947;joseperez@correo.com
Jose Perez;1014258947;joseperez@correo.com
Jose Perez;1014258947;joseperez@correo.com
Jose Perez;1014258947;joseperez@correo.com
Jose Perez;1014258947;joseperez@correo.com
Jose Perez;1014258947;joseperez@correo.com
Jose Perez;1014258947;joseperez@correo.com
Jose Perez;1014258947;joseperez@correo.com
Jose Perez;1014258947;joseperez@correo.com
Jose Perez;1014258947;joseperez@correo.com
Jose Perez;1014258947;joseperez@correo.com
Jose Perez;1014258947;joseperez@correo.com
Jose Perez;1014258947;joseperez@correo.com
Jose Perez;1014258947;joseperez@correo.com
Jose Perez;1014258947;joseperez@correo.com
Jose Perez;1014258947;joseperez@correo.com
Jose Perez;1014258947;joseperez@correo.com
Jose Perez;1014258947;joseperez@correo.com
Jose Perez;1014258947;joseperez@correo.com
Jose Perez;1014258947;joseperez@correo.com
Jose Perez;1014258947;joseperez@correo.com
Jose Perez;1014258947;joseperez@correo.com
Jose Perez;1014258947;joseperez@correo.com
Jose Perez;1014258947;joseperez@correo.com
Jose Perez;1014258947;joseperez@correo.com
Jose Perez;1014258947;joseperez@correo.com
Jose Perez;1014258947;joseperez@correo.com
Jose Perez;1014258947;joseperez@correo.com
Jose Perez;1014258947;joseperez@correo.com
Jose Perez;1014258947;joseperez@correo.com
Jose Perez;1014258947;joseperez@correo.com
Jose Perez;1014258947;joseperez@correo.com
Jose Perez;1014258947;joseperez@correo.com
Jose Perez;1014258947;joseperez@correo.com
Jose Perez;1014258947;joseperez@correo.com
Jose Perez;1014258947;joseperez@correo.com
Jose Perez;1014258947;joseperez@correo.com
Jose Perez;1014258947;joseperez@correo.com
Jose Perez;1014258947;joseperez@correo.com
Jose Perez;1014258947;joseperez@correo.com
Jose Perez;1014258947;joseperez@correo.com
